sg07ua010210100.xls,ç‘ã“c‹æ
sg07ua010210200.xls,’†‰›‹æ
sg07ua010210300.xls,`‹æ
sg07ua010210400.xls,Vh‹æ
sg07ua010210500.xls,•¶‹‹æ
sg07ua010210600.xls,‘ä“Œ‹æ
sg07ua010210700.xls,–n“c‹æ
sg07ua010210800.xls,]“Œ‹æ
sg07ua010210900.xls,•iì‹æ
sg07ua010211000.xls,–Ú•‹æ
sg07ua010211100.xls,‘å“c‹æ
sg07ua010211200.xls,¢“c’J‹æ
sg07ua010211300.xls,a’J‹æ
sg07ua010211400.xls,’†–ì‹æ
sg07ua010211500.xls,™•À‹æ
sg07ua010211600.xls,–L“‡‹æ
sg07ua010211700.xls,–k‹æ
sg07ua010211800.xls,rì‹æ
sg07ua010211900.xls,”Â‹´‹æ
sg07ua010212000.xls,—û”n‹æ
sg07ua010212100.xls,‘«—§‹æ
sg07ua010212200.xls,Š‹ü‹æ
sg07ua010212300.xls,]ŒËì‹æ
sg07ua010219900.xls,‹«ŠE–¢’è’nˆæ
sg07ua010220100.xls,”ª‰¤qs
sg07ua010220200.xls,—§ìs
sg07ua010220300.xls,•‘ –ìs
sg07ua010220400.xls,O‘és
sg07ua010220500.xls,Â”~s
sg07ua010220600.xls,•{’†s
sg07ua010220700.xls,º“‡s
sg07ua010220800.xls,’²•zs
sg07ua010220900.xls,’¬“cs
sg07ua010221000.xls,¬‹àˆäs
sg07ua010221100.xls,¬•½s
sg07ua010221200.xls,“ú–ìs
sg07ua010221300.xls,“Œ‘ºRs
sg07ua010221400.xls,‘•ª›s
sg07ua010221500.xls,‘—§s
sg07ua010221800.xls,•Ÿ¶s
sg07ua010221900.xls,]s
sg07ua010222000.xls,“Œ‘å˜as
sg07ua010222100.xls,´£s
sg07ua010222200.xls,“Œ‹v—¯•Äs
sg07ua010222300.xls,•‘ ‘ºRs
sg07ua010222400.xls,‘½–€s
sg07ua010222500.xls,ˆîés
sg07ua010222700.xls,‰H‘ºs
sg07ua010222800.xls,‚ ‚«‚é–ìs
sg07ua010222900.xls,¼“Œ‹s
sg07ua010230300.xls,•ä’¬
sg07ua010230500.xls,“ú‚Ìo’¬
sg07ua010230700.xls,wŒ´‘º
sg07ua010230800.xls,‰œ‘½–€’¬
sg07ua010236100.xls,‘å“‡’¬
sg07ua010236200.xls,—˜“‡‘º
sg07ua010236300.xls,V“‡‘º
sg07ua010236400.xls,_’Ã“‡‘º
sg07ua010238100.xls,O‘î‘º
sg07ua010238200.xls,Œä‘ “‡‘º
sg07ua010240100.xls,”ªä’¬
sg07ua010240200.xls,Âƒ–“‡‘º
sg07ua010242100.xls,¬Š}Œ´‘º